City_ID,City,Country,Date,Lat,Lng,Max Temp,Humidity,Cloudiness,Wind Speed
0,Mataura,NZ,2022-10-30 01:01:52,-46.1927,168.8643,67.48,48,34,10.49
1,Caxito,AO,2022-10-30 01:01:52,-8.5785,13.6643,76.77,88,87,2.73
2,Luquillo,PR,2022-10-30 01:01:53,18.3725,-65.7166,81.0,85,100,10.25
3,Hualmay,PE,2022-10-30 01:01:53,-11.0964,-77.6139,62.1,81,4,9.28
4,Copiapo,CL,2022-10-30 01:01:54,-27.3667,-70.3333,53.29,59,0,1.92
5,Kindu,CD,2022-10-30 01:01:54,-2.95,25.95,70.36,99,100,0.45
6,Klimovo,RU,2022-10-30 01:01:55,52.3805,32.1923,52.18,85,100,17.36
7,Aykhal,RU,2022-10-30 01:01:56,66.0,111.5,6.24,96,100,9.6
8,Butaritari,KI,2022-10-30 01:01:56,3.0707,172.7902,81.41,67,94,13.42
9,Waipawa,NZ,2022-10-30 01:01:57,-41.4122,175.5153,64.81,65,100,14.61
10,Rikitea,PF,2022-10-30 01:01:57,-23.1203,-134.9692,73.65,79,100,8.3
11,Leningradskiy,RU,2022-10-30 01:01:58,69.3833,178.4167,10.38,87,98,18.39
12,Saskylakh,RU,2022-10-30 01:01:58,71.9167,114.0833,-1.37,93,97,8.03
13,Alofi,NU,2022-10-30 01:01:59,-19.0595,-169.9187,76.95,80,76,19.91
14,Punta Arenas,CL,2022-10-30 01:01:59,-53.15,-70.9167,41.11,60,46,23.78
15,Vostok,RU,2022-10-30 01:02:00,46.4856,135.8833,38.39,49,0,1.9
16,Lorengau,PG,2022-10-30 01:02:00,-2.0226,147.2712,85.69,65,100,7.31
17,Jamestown,US,2022-10-30 01:02:01,42.097,-79.2353,55.04,66,0,3.44
18,Souillac,MU,2022-10-30 01:02:02,-20.5167,57.5167,71.02,84,6,9.8
19,Avarua,CK,2022-10-30 01:02:02,-21.2078,-159.775,77.05,69,20,19.57
20,Kaeo,NZ,2022-10-30 01:02:03,-35.1,173.7833,68.32,97,100,6.73
21,Thompson,CA,2022-10-30 01:02:03,55.7435,-97.8558,41.16,65,100,5.75
22,Salalah,OM,2022-10-30 01:02:04,17.0151,54.0924,72.23,77,8,2.91
23,Topolobampo,MX,2022-10-30 01:02:05,25.6,-109.05,76.59,56,42,13.85
24,Bethel,US,2022-10-30 01:02:05,41.3712,-73.414,48.9,69,0,1.92
25,Jalu,LY,2022-10-30 01:02:06,29.0331,21.5482,62.91,57,84,8.59
26,Albany,US,2022-10-30 00:57:51,42.6001,-73.9662,44.92,65,1,2.19
27,Salina Cruz,MX,2022-10-30 01:02:07,16.1667,-95.2,81.19,72,9,17.07
28,Sitka,US,2022-10-30 01:02:07,57.0531,-135.33,42.51,94,100,9.89
29,Ushuaia,AR,2022-10-30 00:57:36,-54.8,-68.3,37.06,81,100,21.85
30,Tuktoyaktuk,CA,2022-10-30 01:02:08,69.4541,-133.0374,7.52,88,32,11.74
31,Nouadhibou,MR,2022-10-30 01:02:09,20.931,-17.0347,74.07,63,6,12.15
32,Northam,GB,2022-10-30 01:02:09,51.0333,-4.2167,57.38,92,100,15.48
33,Provideniya,RU,2022-10-30 01:02:10,64.3833,-173.3,17.04,81,79,9.48
34,San Patricio,US,2022-10-30 01:02:10,28.017,-97.5169,70.84,50,0,4.18
35,Colares,PT,2022-10-30 01:02:11,38.7992,-9.4469,65.34,96,100,3.0
36,Hobart,AU,2022-10-30 01:00:03,-42.8794,147.3294,60.26,54,40,10.36
37,Port Alfred,ZA,2022-10-30 01:02:12,-33.5906,26.891,61.18,89,13,5.01
38,Hay River,CA,2022-10-30 01:02:12,60.8156,-115.7999,24.6,92,79,4.36
39,Puerto Ayora,EC,2022-10-30 01:02:13,-0.7393,-90.3518,66.54,94,99,3.0
40,Elban,RU,2022-10-30 01:02:13,50.1018,136.5094,38.5,62,64,4.38
41,Ishigaki,JP,2022-10-30 01:02:14,24.3448,124.1572,79.23,79,100,26.91
42,Avera,US,2022-10-30 01:02:14,33.194,-82.5271,59.05,85,68,7.29
43,Touros,BR,2022-10-30 01:02:15,-5.1989,-35.4608,78.37,77,20,15.05
44,Longyearbyen,SJ,2022-10-30 01:00:58,78.2186,15.6401,26.44,68,40,9.22
45,Busselton,AU,2022-10-30 01:02:15,-33.65,115.3333,57.49,51,23,18.61
46,Diamantino,BR,2022-10-30 01:02:16,-14.4086,-56.4461,72.77,91,38,5.93
47,Keetmanshoop,NA,2022-10-30 01:03:17,-26.5833,18.1333,63.95,41,0,12.21
48,Coahuayana,MX,2022-10-30 01:03:17,18.7333,-103.6833,77.04,90,33,1.99
49,Hermanus,ZA,2022-10-30 01:03:18,-34.4187,19.2345,60.8,84,66,6.53
50,Ornskoldsvik,SE,2022-10-30 01:03:18,63.2909,18.7153,38.35,87,100,13.8
51,Korla,CN,2022-10-30 01:03:19,41.7597,86.1469,42.26,53,5,1.21
52,Ponta Do Sol,PT,2022-10-30 01:03:20,32.6667,-17.1,73.0,91,32,4.54
53,Harstad,NO,2022-10-30 01:03:20,68.799,16.5293,35.15,100,100,15.01
54,Pimentel,PE,2022-10-30 01:03:21,-6.8367,-79.9342,61.86,85,31,13.04
55,Havre-Saint-Pierre,CA,2022-10-30 01:03:19,50.2334,-63.5986,45.14,75,89,21.92
56,Banda Aceh,ID,2022-10-30 01:03:22,5.5577,95.3222,78.93,84,100,10.96
57,Cidreira,BR,2022-10-30 01:03:22,-30.1811,-50.2056,68.95,88,100,6.06
58,Gurupi,BR,2022-10-30 01:02:43,-11.7292,-49.0686,72.07,95,91,3.71
59,Bluff,NZ,2022-10-30 01:03:23,-46.6,168.3333,67.8,66,69,12.55
60,Kruisfontein,ZA,2022-10-30 01:03:24,-34.0033,24.7314,58.89,89,99,18.66
61,Sakakah,SA,2022-10-30 01:03:05,29.9697,40.2064,68.86,37,85,12.5
62,Kavieng,PG,2022-10-30 01:03:25,-2.5744,150.7967,84.79,68,100,6.8
63,Esperance,AU,2022-10-30 01:03:25,-33.8667,121.9,51.64,82,100,20.65
64,Saint George,US,2022-10-30 01:01:01,37.1041,-113.5841,65.43,22,0,3.44
65,Son La,VN,2022-10-30 01:03:26,21.3167,103.9,67.64,83,33,1.74
66,Victoria,HK,2022-10-30 01:03:27,22.2855,114.1577,76.24,65,100,20.0
67,Humaita,BR,2022-10-30 01:03:27,-7.5061,-63.0208,74.93,90,100,1.57
68,Yulara,AU,2022-10-30 01:03:28,-25.2406,130.9889,85.93,39,0,25.55
69,General Roca,AR,2022-10-30 01:03:28,-39.0333,-67.5833,48.61,27,39,31.99
70,Mbandaka,CD,2022-10-30 01:03:29,0.0487,18.2603,70.54,97,100,0.83
71,Praia Da Vitoria,PT,2022-10-30 01:03:29,38.7333,-27.0667,65.75,87,100,20.42
72,Vaini,TO,2022-10-30 01:03:30,-21.2,-175.2,76.21,84,12,15.41
73,Nador,MA,2022-10-30 01:03:30,35.174,-2.9287,68.25,88,75,1.14
74,Tiksi,RU,2022-10-30 01:03:31,71.6872,128.8694,0.03,95,100,7.27
75,Sangin,AF,2022-10-30 01:03:31,32.0728,64.8359,64.92,18,11,3.89
76,Bakel,SN,2022-10-30 01:03:32,14.905,-12.4568,82.69,14,69,8.43
77,Torbay,CA,2022-10-30 01:03:32,47.6666,-52.7314,48.27,84,7,5.01
78,Vanavara,RU,2022-10-30 01:03:32,60.34,102.2797,22.1,92,96,7.07
79,Norfolk,US,2022-10-30 00:59:10,42.1668,-71.2495,47.97,83,0,1.5
80,Bani,DO,2022-10-30 01:03:33,18.2833,-70.3333,75.85,77,100,9.84
81,Tucuman,AR,2022-10-30 01:01:38,-26.8241,-65.2226,83.8,27,0,5.39
82,Yellowknife,CA,2022-10-30 01:03:34,62.456,-114.3525,17.35,94,48,8.14
83,Upernavik,GL,2022-10-30 01:03:34,72.7868,-56.1549,12.87,68,0,14.47
84,Cape Town,ZA,2022-10-30 01:01:12,-33.9258,18.4232,62.11,77,1,5.99
85,Chipinge,ZW,2022-10-30 01:03:35,-20.1883,32.6236,60.3,91,28,3.65
86,Doba,TD,2022-10-30 01:03:36,8.65,16.85,73.26,61,100,2.77
87,Hasaki,JP,2022-10-30 01:03:39,35.7333,140.8333,61.29,53,59,15.97
88,Dawlatabad,AF,2022-10-30 01:03:40,36.4141,64.9053,57.16,63,100,8.72
89,Atuona,PF,2022-10-30 01:03:40,-9.8,-139.0333,77.49,76,3,18.23
90,Vardo,NO,2022-10-30 01:03:41,70.3705,31.1107,35.58,80,75,33.38
91,Morgan City,US,2022-10-30 01:03:41,29.6994,-91.2068,64.99,82,75,5.75
92,Auki,SB,2022-10-30 01:03:42,-8.7676,160.7034,83.1,77,24,3.18
93,Barrow,US,2022-10-30 01:04:20,71.2906,-156.7887,23.02,86,100,27.63
94,Talnakh,RU,2022-10-30 01:04:43,69.4865,88.3972,8.49,97,100,5.44
95,Tezu,IN,2022-10-30 01:04:43,27.9167,96.1667,66.67,55,0,3.76
96,Linfen,CN,2022-10-30 01:04:44,36.0889,111.5189,56.44,73,100,5.39
97,Ribeira Grande,PT,2022-10-30 01:04:45,38.5167,-28.7,64.78,91,100,20.0
98,Imbituba,BR,2022-10-30 01:02:30,-28.24,-48.6703,70.92,77,100,7.36
99,Opuwo,NA,2022-10-30 01:04:47,-18.0607,13.84,72.12,38,100,2.53
100,Ust-Nera,RU,2022-10-30 01:04:47,64.5667,143.2,2.21,99,96,2.53
101,Bereda,ES,2022-10-30 01:04:48,43.2686,-7.5406,55.42,100,100,4.07
102,Bengkulu,ID,2022-10-30 01:04:48,-3.8004,102.2655,76.44,90,100,4.27
103,Ixtapa,MX,2022-10-30 01:04:49,20.7,-105.2,79.83,69,100,5.75
104,Juneau,US,2022-10-30 01:00:36,58.3019,-134.4197,37.4,100,100,0.0
105,Phonhong,LA,2022-10-30 01:04:50,18.5007,102.4166,74.28,78,100,1.99
106,Asau,RO,2022-10-30 01:04:50,46.4333,26.4,41.92,82,99,6.8
107,Vari,GR,2022-10-30 01:04:51,37.8312,23.8081,64.63,60,20,9.22
108,Port Elizabeth,ZA,2022-10-30 01:02:09,-33.918,25.5701,63.32,86,75,25.01
109,Krasnoselkup,RU,2022-10-30 01:04:52,65.7,82.4667,11.48,93,28,8.99
110,Bambous Virieux,MU,2022-10-30 01:04:53,-20.3428,57.7575,70.21,79,18,9.91
111,Omboue,GA,2022-10-30 01:04:53,-1.5746,9.2618,76.12,93,43,3.78
112,Cosenza,IT,2022-10-30 01:04:53,39.31,16.2502,59.5,64,0,4.05
113,Pogradec,AL,2022-10-30 01:04:54,40.9025,20.6525,52.77,63,0,2.08
114,Sao Filipe,CV,2022-10-30 01:04:54,14.8961,-24.4956,80.2,67,100,2.98
115,Beira,MZ,2022-10-30 01:04:55,-19.8436,34.8389,75.83,80,1,7.07
116,Atar,MR,2022-10-30 01:02:26,20.5169,-13.0499,78.85,11,1,6.02
117,Teahupoo,PF,2022-10-30 01:04:56,-17.8333,-149.2667,76.96,78,36,8.43
118,Qaanaaq,GL,2022-10-30 01:04:56,77.484,-69.3632,-7.2,59,8,9.69
119,Broome,US,2022-10-30 01:04:57,42.2506,-75.833,46.8,65,5,1.7
120,New Norfolk,AU,2022-10-30 01:04:57,-42.7826,147.0587,60.71,44,13,5.17
121,Rovaniemi,FI,2022-10-30 01:01:39,66.5,25.7167,29.61,69,0,14.97
122,Dryden,CA,2022-10-30 01:04:58,49.7833,-92.7503,43.45,77,42,4.32
123,Emerald,AU,2022-10-30 01:01:51,-23.5333,148.1667,85.33,36,6,8.34
124,Asfi,MA,2022-10-30 01:04:58,32.2994,-9.2372,73.67,40,92,6.35
125,Kapaa,US,2022-10-30 01:04:59,22.0752,-159.319,84.18,74,20,14.97
126,Flin Flon,CA,2022-10-30 01:00:29,54.7682,-101.865,43.0,54,1,12.24
127,Rawson,AR,2022-10-30 01:04:59,-43.3002,-65.1023,49.06,51,58,7.49
128,Kenitra,MA,2022-10-30 01:05:00,34.261,-6.5802,61.56,45,99,3.15
129,Carbonear,CA,2022-10-30 01:00:28,47.7332,-53.2148,49.12,74,8,18.66
130,Constitucion,CL,2022-10-30 01:00:57,-35.3333,-72.4167,54.66,89,87,13.89
131,Dikson,RU,2022-10-30 01:05:01,73.5069,80.5464,22.17,76,100,8.16
132,Klaksvik,FO,2022-10-30 01:05:01,62.2266,-6.589,49.12,93,100,24.74
133,Georgetown,MY,2022-10-30 01:04:48,5.4112,100.3354,82.24,84,20,5.75
134,Ranong,TH,2022-10-30 01:05:02,9.9658,98.6348,79.3,82,100,3.96
135,Karpathos,GR,2022-10-30 01:05:03,35.507,27.2132,64.36,77,0,16.11
136,Kenai,US,2022-10-30 01:05:03,60.5544,-151.2583,33.15,77,75,0.0
137,Diego De Almagro,CL,2022-10-30 01:02:57,-26.3667,-70.05,61.11,36,0,1.81
138,Chokurdakh,RU,2022-10-30 01:06:04,70.6333,147.9167,5.41,96,100,9.78
139,Cherskiy,RU,2022-10-30 01:06:05,68.75,161.3,4.06,95,100,5.86
140,Nishihara,JP,2022-10-30 01:06:05,26.1842,127.7558,80.26,88,75,21.85
141,San Fernando,PH,2022-10-30 01:06:06,15.0286,120.6898,78.67,89,100,18.81
142,Elverum,NO,2022-10-30 01:06:06,60.8819,11.5623,38.39,94,0,3.18
143,Kaitangata,NZ,2022-10-30 01:06:07,-46.2817,169.8464,63.57,62,100,2.19
144,Sola,VU,2022-10-30 01:06:08,-13.8833,167.55,82.09,70,12,5.93
145,Severo-Kurilsk,RU,2022-10-30 01:06:09,50.6789,156.125,41.13,68,82,9.82
146,Faanui,PF,2022-10-30 01:06:09,-16.4833,-151.75,80.53,73,58,12.53
147,Mount Isa,AU,2022-10-30 01:06:10,-20.7333,139.5,94.77,12,18,14.97
148,Yinchuan,CN,2022-10-30 01:06:10,38.4681,106.2731,51.73,41,5,2.33
149,Yeppoon,AU,2022-10-30 01:06:11,-23.1333,150.7333,85.78,44,5,7.99
150,Madimba,TZ,2022-10-30 01:06:12,-10.4,40.3333,72.12,89,8,4.54
151,Galle,LK,2022-10-30 01:06:12,6.0367,80.217,77.63,85,100,4.03
152,Nueva Helvecia,UY,2022-10-30 01:06:13,-34.3,-57.2333,64.6,62,4,9.86
153,Vanimo,PG,2022-10-30 01:06:13,-2.6741,141.3028,86.25,63,100,6.71
154,Imamoglu,TR,2022-10-30 01:06:14,37.2651,35.6572,60.51,26,0,6.33
155,Geraldton,AU,2022-10-30 01:06:15,-28.7667,114.6,55.81,82,75,19.57
156,Tasiilaq,GL,2022-10-30 01:06:16,65.6145,-37.6368,35.76,98,100,13.58
157,Garden Acres,US,2022-10-30 01:06:16,37.9638,-121.2294,71.24,35,0,6.91
158,Paamiut,GL,2022-10-30 01:06:17,61.994,-49.6678,33.84,85,100,11.95
159,Seoul,KR,2022-10-30 01:05:42,37.5683,126.9778,56.64,54,0,3.15
160,Pevek,RU,2022-10-30 01:06:17,69.7008,170.3133,8.42,93,100,8.16
161,Airai,TL,2022-10-30 01:06:18,-8.9266,125.4092,71.62,68,46,1.61
162,Bredasdorp,ZA,2022-10-30 01:06:19,-34.5322,20.0403,60.98,81,96,7.14
163,Aklavik,CA,2022-10-30 01:06:19,68.2191,-135.0107,2.68,99,100,1.77
164,Hengshui,CN,2022-10-30 01:06:20,37.7322,115.7011,56.82,61,100,3.29
165,Amapa,BR,2022-10-30 01:06:21,1.0,-52.0,73.22,94,100,2.51
166,Longyan,CN,2022-10-30 01:06:21,25.1072,117.0225,71.13,64,100,7.14
167,Bemidji,US,2022-10-30 01:06:22,47.4736,-94.8803,55.9,84,0,0.0
168,Nikolskoye,RU,2022-10-30 01:06:23,59.7035,30.7861,44.49,65,100,17.76
169,Kodiak,US,2022-10-30 01:06:23,57.79,-152.4072,35.11,93,100,13.8
170,Lahaina,US,2022-10-30 01:06:24,20.8783,-156.6825,87.8,80,10,7.47
171,Falmouth,GB,2022-10-30 01:01:24,50.1544,-5.0711,58.1,94,100,11.5
172,Puerto Escondido,MX,2022-10-30 01:06:24,15.85,-97.0667,81.43,61,0,2.3
173,Cabo San Lucas,MX,2022-10-30 01:06:20,22.8909,-109.9124,81.05,61,0,9.22
174,Kapuskasing,CA,2022-10-30 01:06:26,49.4169,-82.4331,44.44,86,100,7.05
175,Saint-Philippe,RE,2022-10-30 01:06:26,-21.3585,55.7679,69.39,83,65,9.01
176,Atambua,ID,2022-10-30 01:06:27,-9.1061,124.8925,82.51,65,100,0.29
177,Takaka,NZ,2022-10-30 01:06:27,-40.85,172.8,65.55,49,96,11.68
178,Palmer,US,2022-10-30 01:06:28,42.1584,-72.3287,48.18,78,6,1.19
179,Bairnsdale,AU,2022-10-30 01:06:28,-37.8333,147.6167,65.05,60,61,1.99
180,Rantepao,ID,2022-10-30 01:06:29,-2.9701,119.8978,77.05,75,100,2.28
181,Ust-Shonosha,RU,2022-10-30 01:06:29,61.1531,41.343,45.34,93,100,13.04
182,Esperantina,BR,2022-10-30 01:06:30,-3.9017,-42.2336,77.23,81,96,5.77
183,Hilo,US,2022-10-30 01:05:41,19.7297,-155.09,83.25,78,20,10.36
184,Half Moon Bay,US,2022-10-30 01:07:31,37.4636,-122.4286,66.58,78,0,14.97
185,Pittsburg,US,2022-10-30 01:07:31,38.028,-121.8847,71.13,41,0,8.05
186,Ambon,ID,2022-10-30 01:07:31,-3.6954,128.1814,87.94,66,40,6.91
187,Hato Mayor,DO,2022-10-30 01:07:32,18.7629,-69.256,73.74,93,100,4.36
188,Baie-Comeau,CA,2022-10-30 01:05:30,49.2168,-68.1489,40.82,77,100,7.47
189,Lompoc,US,2022-10-30 01:07:33,34.6391,-120.4579,69.78,70,0,14.97
190,Kirgiz-Miyaki,RU,2022-10-30 01:07:33,53.6324,54.7979,33.46,70,100,13.8
191,Makakilo City,US,2022-10-30 01:07:33,21.3469,-158.0858,82.72,60,75,9.22
192,Iqaluit,CA,2022-10-30 01:07:34,63.7506,-68.5145,16.07,91,100,6.46
193,Hithadhoo,MV,2022-10-30 01:07:35,-0.6,73.0833,81.39,77,98,15.5
194,Neutraubling,DE,2022-10-30 01:07:35,48.9833,12.2,59.79,90,100,3.31
195,Sao Joao Da Barra,BR,2022-10-30 01:05:33,-21.6403,-41.0511,75.09,89,99,21.47
196,Daloa,CI,2022-10-30 01:07:36,6.8774,-6.4502,71.31,90,4,2.13
197,Uruzgan,AF,2022-10-30 01:07:36,32.8333,66.0,54.43,26,11,4.38
198,Tucurui,BR,2022-10-30 01:07:37,-3.7661,-49.6725,84.54,55,100,2.08
199,San-Pedro,CI,2022-10-30 01:07:37,4.7485,-6.6363,76.66,91,26,3.8
200,Viedma,AR,2022-10-30 01:07:38,-40.8135,-62.9967,47.52,72,100,1.41
201,Kjollefjord,NO,2022-10-30 01:07:38,70.9457,27.3465,33.85,64,20,19.57
202,Port Augusta,AU,2022-10-30 01:02:41,-32.5,137.7667,76.62,59,90,33.33
203,Ashqelon,IL,2022-10-30 01:07:39,31.6693,34.5715,71.8,73,0,9.31
204,Bell Ville,AR,2022-10-30 01:07:39,-32.6259,-62.6887,73.67,43,0,9.22
205,Yumen,CN,2022-10-30 01:07:40,40.2833,97.2,33.04,42,0,9.75
206,Chuy,UY,2022-10-30 01:07:40,-33.6971,-53.4616,63.32,85,46,5.53
207,Katsuura,JP,2022-10-30 01:07:41,35.1333,140.3,62.85,55,86,13.76
208,Castro,BR,2022-10-30 01:07:41,-24.7911,-50.0119,58.64,94,100,3.98
209,Innisfail,AU,2022-10-30 01:07:42,-17.5333,146.0333,86.7,64,23,8.75
210,Coihaique,CL,2022-10-30 01:03:26,-45.5752,-72.0662,31.35,93,20,6.08
211,Ketchikan,US,2022-10-30 01:07:42,55.3422,-131.6461,50.47,71,100,6.91
212,Lourdes,FR,2022-10-30 01:07:43,43.1,-0.05,52.72,62,0,6.91
213,Namatanai,PG,2022-10-30 01:07:43,-3.6667,152.4333,86.16,63,100,5.99
214,Camacha,PT,2022-10-30 01:07:44,33.0833,-16.3333,67.42,88,40,8.05
215,Iquique,CL,2022-10-30 01:03:40,-20.2208,-70.1431,60.04,75,45,1.48
216,Luderitz,NA,2022-10-30 01:07:44,-26.6481,15.1594,59.25,86,94,9.04
217,Srednekolymsk,RU,2022-10-30 01:07:45,67.45,153.6833,-2.88,98,98,6.76
218,Fortuna,US,2022-10-30 01:07:45,40.5982,-124.1573,62.92,87,20,11.5
219,Taoudenni,ML,2022-10-30 01:07:46,22.6783,-3.9836,77.77,12,5,9.44
220,Urdoma,RU,2022-10-30 01:07:47,61.7533,48.5442,37.6,95,100,10.8
221,Wewak,PG,2022-10-30 01:07:47,-3.5534,143.6268,85.06,67,100,4.0
222,Nicoya,CR,2022-10-30 01:07:48,10.1483,-85.452,75.04,92,75,2.35
223,Ancud,CL,2022-10-30 01:07:48,-41.8697,-73.8203,43.3,71,35,14.61
224,Hirara,JP,2022-10-30 01:07:49,24.8,125.2833,75.47,94,75,19.57
225,Dokka,NO,2022-10-30 01:07:49,60.84,10.0618,40.57,93,0,3.0
226,Leh,IN,2022-10-30 01:07:50,34.1667,77.5833,28.99,42,0,2.51
227,Linjiang,CN,2022-10-30 01:07:50,41.8069,126.9078,46.65,40,2,1.74
228,Yar-Sale,RU,2022-10-30 01:08:50,66.8333,70.8333,23.83,95,100,15.73
229,Chernyshevskiy,RU,2022-10-30 01:08:51,63.0128,112.4714,16.41,96,100,5.14
230,Kano,NG,2022-10-30 01:08:51,12.0001,8.5167,74.66,26,100,6.76
231,Artyom,AZ,2022-10-30 01:08:52,40.4723,50.333,51.94,74,32,4.79
232,Nanortalik,GL,2022-10-30 01:08:52,60.1432,-45.2371,27.75,80,15,10.27
233,College,US,2022-10-30 01:06:04,64.8569,-147.8028,17.2,74,75,0.0
234,Xinmin,CN,2022-10-30 01:08:54,41.9908,122.8253,49.08,35,99,4.59
235,Ostrovnoy,RU,2022-10-30 01:08:55,68.0531,39.5131,39.99,96,100,11.7
236,Coquimbo,CL,2022-10-30 01:08:55,-29.9533,-71.3436,56.93,94,100,3.44
237,Tessalit,ML,2022-10-30 01:08:56,20.1986,1.0114,71.71,20,0,9.26
238,Lebu,CL,2022-10-30 01:08:56,-37.6167,-73.65,49.8,66,18,19.6
239,Cockburn Town,TC,2022-10-30 01:08:57,21.4612,-71.1419,82.94,74,100,17.0
240,Lagoa,PT,2022-10-30 01:08:57,39.05,-27.9833,62.13,81,100,12.41
241,Bennettsville,US,2022-10-30 01:08:58,34.6174,-79.6848,62.1,94,100,0.0
242,Vestmanna,FO,2022-10-30 01:08:58,62.1564,-7.1664,47.32,87,75,19.57
243,Khasan,RU,2022-10-30 01:08:59,42.4308,130.6434,44.78,45,0,6.53
244,Cody,US,2022-10-30 01:08:59,44.5263,-109.0565,46.62,35,0,5.75
245,Walvis Bay,NA,2022-10-30 01:09:00,-22.9575,14.5053,56.26,89,17,4.14
246,Varhaug,NO,2022-10-30 01:09:00,58.6147,5.6457,49.14,88,18,8.19
247,Iquitos,PE,2022-10-30 01:09:00,-3.7481,-73.2472,77.04,88,0,2.3
248,Nantucket,US,2022-10-30 01:09:01,41.2835,-70.0995,54.14,89,0,8.05
249,Hibbing,US,2022-10-30 01:09:01,47.4272,-92.9377,53.2,46,0,3.44
250,Igrim,RU,2022-10-30 01:09:02,63.1906,64.4162,28.81,93,53,9.1
251,Sindor,RU,2022-10-30 01:09:02,62.8629,51.8905,33.46,97,100,10.25
252,Olafsvik,IS,2022-10-30 01:09:03,64.8945,-23.7142,42.91,83,100,10.22
253,Mahon,ES,2022-10-30 01:09:03,39.8885,4.2658,66.76,88,75,5.75
254,Laguna,US,2022-10-30 01:09:04,38.421,-121.4238,73.38,31,0,3.44
255,Cuamba,MZ,2022-10-30 01:09:04,-14.8031,36.5372,70.3,78,3,2.1
256,Martapura,ID,2022-10-30 01:09:05,-3.4167,114.85,84.29,79,88,2.3
257,Clyde River,CA,2022-10-30 01:09:05,70.4692,-68.5914,12.43,85,100,2.3
258,Talaya,RU,2022-10-30 01:09:06,61.3833,152.75,8.69,93,100,8.5
259,Dunedin,NZ,2022-10-30 01:08:26,-45.8742,170.5036,68.45,48,44,10.2
260,Grindavik,IS,2022-10-30 01:09:07,63.8424,-22.4338,43.27,81,75,17.27
261,West Lafayette,US,2022-10-30 01:09:08,40.4259,-86.9081,55.22,64,0,5.75
262,Anadyr,RU,2022-10-30 01:09:08,64.75,177.4833,9.1,78,20,13.42
263,Papayal,PE,2022-10-30 01:09:09,-4.0761,-80.7361,72.75,60,49,1.07
264,Gemena,CD,2022-10-30 01:09:09,3.25,19.7667,69.08,97,100,0.74
265,Burns Lake,CA,2022-10-30 01:09:09,54.2331,-125.7533,39.47,84,49,11.59
266,Zaozerne,UA,2022-10-30 01:09:10,45.1582,33.2787,56.82,76,16,13.18
267,Mayor Pablo Lagerenza,PY,2022-10-30 01:09:11,-19.9309,-60.7718,87.13,47,100,12.97
268,Kamenka,RU,2022-10-30 01:09:11,51.3223,42.7678,45.39,96,100,17.22
269,Mar Del Plata,AR,2022-10-30 01:06:52,-38.0023,-57.5575,56.08,73,0,10.0
270,Kelvington,CA,2022-10-30 01:09:12,52.1667,-103.5343,38.39,56,42,9.62
271,Ilulissat,GL,2022-10-30 01:09:13,69.2167,-51.1,28.42,69,96,6.91
272,Nuuk,GL,2022-10-30 01:09:13,64.1835,-51.7216,34.41,93,75,26.46
273,Hun,LY,2022-10-30 01:09:14,29.1268,15.9477,62.92,55,0,4.16
274,The Pas,CA,2022-10-30 01:09:07,53.8251,-101.2541,48.99,38,2,15.52
275,Inta,RU,2022-10-30 01:10:15,66.0317,60.1659,29.26,84,96,10.11
276,Bilibino,RU,2022-10-30 01:10:15,68.0546,166.4372,0.54,97,100,1.23
277,Gombong,ID,2022-10-30 01:10:16,-7.6072,109.5142,78.15,74,83,5.23
278,Chaman,PK,2022-10-30 01:10:17,30.9236,66.4512,60.96,21,1,2.82
279,Portland,US,2022-10-30 01:10:18,45.5234,-122.6762,58.05,94,100,0.0
280,Gwadar,PK,2022-10-30 01:10:19,25.1216,62.3254,76.15,77,9,0.89
281,Richards Bay,ZA,2022-10-30 01:10:19,-28.783,32.0377,68.41,72,5,18.32
282,San Cristobal,VE,2022-10-30 01:10:20,7.7669,-72.225,71.78,93,98,2.62
283,Norman Wells,CA,2022-10-30 01:10:20,65.282,-126.8329,9.7,99,83,2.35
284,Saint-Augustin,CA,2022-10-30 01:10:21,51.226,-58.6502,43.29,71,79,15.52
285,Kilrush,IE,2022-10-30 01:10:21,52.6397,-9.4833,56.95,78,70,21.65
286,Tual,ID,2022-10-30 01:10:22,-5.6667,132.75,85.14,68,100,5.57
287,Comandau,RO,2022-10-30 01:10:22,45.7667,26.2667,42.85,88,27,1.48
288,Fort Nelson,CA,2022-10-30 01:10:23,58.8053,-122.7002,39.09,41,100,5.23
289,Kiunga,PG,2022-10-30 01:10:23,-6.1219,141.2906,90.39,59,100,0.6
290,Padang,ID,2022-10-30 01:10:24,-0.9492,100.3543,77.05,84,100,1.36
291,Roma,US,2022-10-30 01:09:27,43.2128,-75.4557,47.88,69,0,0.0
292,Ventspils,LV,2022-10-30 01:10:25,57.3894,21.5606,48.13,81,0,4.61
293,Sorland,NO,2022-10-30 01:10:26,67.667,12.6934,44.46,64,100,24.23
294,Mission,US,2022-10-30 01:10:27,26.2159,-98.3253,73.22,50,0,3.44
295,Urucui,BR,2022-10-30 01:10:31,-7.2294,-44.5561,87.44,39,99,3.53
296,Kargat,RU,2022-10-30 01:10:31,55.1956,80.2811,24.84,83,92,6.93
297,Grand Gaube,MU,2022-10-30 01:10:32,-20.0064,57.6608,70.38,77,6,4.0
298,Mulege,MX,2022-10-30 01:10:32,26.8833,-111.9833,75.58,42,0,7.27
299,Kahului,US,2022-10-30 01:10:33,20.8947,-156.47,87.82,63,40,18.41
300,Pallapatti,IN,2022-10-30 01:10:33,11.6593,78.1342,72.21,91,100,3.89
301,Karratha,AU,2022-10-30 01:10:34,-20.7377,116.8463,75.79,38,0,14.18
302,Kavaratti,IN,2022-10-30 01:10:34,10.5669,72.642,82.11,67,68,4.43
303,Chichi,NG,2022-10-30 01:10:35,7.2721,8.9332,74.44,88,85,3.76
304,Esfarayen,IR,2022-10-30 01:07:17,37.0765,57.5101,51.76,68,95,5.68
305,Isangel,VU,2022-10-30 01:10:35,-19.55,169.2667,87.91,70,20,3.44
306,Marsh Harbour,BS,2022-10-30 01:10:36,26.5412,-77.0636,79.34,68,1,18.48
307,Itarema,BR,2022-10-30 01:10:36,-2.9248,-39.9167,78.91,79,76,19.53
308,Kapit,MY,2022-10-30 01:10:37,2.0167,112.9333,82.27,76,100,1.59
309,Khatanga,RU,2022-10-30 01:10:37,71.9667,102.5,7.66,94,100,4.52
310,Fare,PF,2022-10-30 01:10:38,-16.7,-151.0167,78.94,78,11,12.73
311,Saint Anthony,US,2022-10-30 01:10:38,45.0205,-93.218,60.75,54,0,9.22
312,Hamilton,US,2022-10-30 01:05:41,39.1834,-84.5333,60.78,62,75,6.91
313,Mokhsogollokh,RU,2022-10-30 01:10:39,61.4681,128.9203,22.57,94,100,5.12
314,Hobyo,SO,2022-10-30 01:10:39,5.3505,48.5268,79.29,78,11,7.83
315,Naze,JP,2022-10-30 01:10:40,28.3667,129.4833,70.84,75,97,21.99
316,Caravelas,BR,2022-10-30 01:10:40,-17.7125,-39.2481,76.15,85,94,10.8
317,Nizhniy Baskunchak,RU,2022-10-30 01:10:40,48.2198,46.8311,40.59,83,26,10.8
318,Churapcha,RU,2022-10-30 01:10:41,62.0025,132.4325,11.84,87,100,6.8
319,Garowe,SO,2022-10-30 01:10:41,8.4054,48.4845,71.73,66,6,9.4
320,Havoysund,NO,2022-10-30 01:10:42,70.9963,24.6622,34.03,60,100,30.02
321,Saldanha,ZA,2022-10-30 01:10:42,-33.0117,17.9442,60.96,85,99,16.24
322,Atbasar,KZ,2022-10-30 01:11:43,51.8,68.3333,24.96,88,64,6.6
323,Dankov,RU,2022-10-30 01:11:43,53.2515,39.1555,51.04,96,100,14.63
324,Tuy Hoa,VN,2022-10-30 01:11:44,13.0833,109.3,76.44,85,100,11.39
325,Surt,LY,2022-10-30 01:11:44,31.2089,16.5887,69.1,67,0,2.46
326,Tuatapere,NZ,2022-10-30 01:11:45,-46.1333,167.6833,58.3,74,100,5.79
327,Labrea,BR,2022-10-30 01:11:45,-7.2586,-64.7981,73.67,97,100,2.51
328,Roald,NO,2022-10-30 01:11:46,62.5833,6.1333,51.75,100,100,10.36
329,Biak,ID,2022-10-30 01:11:46,-0.9131,122.8766,83.34,65,100,3.42
330,Yabelo,ET,2022-10-30 01:11:47,4.8833,38.0833,57.42,88,60,5.79
331,Labuhan,ID,2022-10-30 01:11:48,-6.8844,112.2051,81.55,65,100,15.23
332,Dharchula,IN,2022-10-30 01:11:48,29.85,80.5333,55.53,44,0,6.67
333,Beroroha,MG,2022-10-30 01:11:49,-21.6667,45.1667,74.28,58,5,5.32
334,Baghdad,IQ,2022-10-30 01:11:49,33.3406,44.4009,60.71,48,0,3.44
335,Deputatskiy,RU,2022-10-30 01:11:50,69.3,139.9,-11.92,98,48,5.21
336,Pacific Grove,US,2022-10-30 01:11:50,36.6177,-121.9166,63.43,81,0,5.75
337,Mitsamiouli,KM,2022-10-30 01:11:51,-11.3847,43.2844,75.69,80,2,9.8
338,Riverton,US,2022-10-30 01:08:47,40.5219,-111.9391,50.02,54,0,4.61
339,Tangping,CN,2022-10-30 01:11:51,22.0265,111.9323,72.77,66,100,6.8
340,Lere,NG,2022-10-30 01:11:52,10.387,8.5726,67.35,35,92,3.0
341,Tierranueva,MX,2022-10-30 01:11:52,21.6833,-100.5667,62.06,61,0,6.62
342,Nago,JP,2022-10-30 01:11:53,26.5881,127.9761,81.03,78,93,19.75
343,Buala,SB,2022-10-30 01:11:53,-8.145,159.5921,84.52,73,83,6.33
344,Arraial Do Cabo,BR,2022-10-30 01:09:51,-22.9661,-42.0278,73.62,92,94,20.47
345,Sandovo,RU,2022-10-30 01:11:54,58.4602,36.4128,48.67,81,100,14.83
346,Pudozh,RU,2022-10-30 01:11:54,61.8099,36.5345,42.94,89,100,12.88
347,East London,ZA,2022-10-30 01:11:55,-33.0153,27.9116,70.75,74,3,17.0
348,Kupang,ID,2022-10-30 01:11:55,-10.1667,123.5833,83.64,69,100,5.79
349,Zaragoza,ES,2022-10-30 01:11:56,41.6561,-0.8773,61.86,86,40,3.44
350,Margate,GB,2022-10-30 01:11:57,51.3813,1.3862,61.9,90,98,3.0
351,Huambo,AO,2022-10-30 01:11:57,-12.7761,15.7392,59.76,92,100,4.72
352,Olot,ES,2022-10-30 01:11:58,42.181,2.4901,56.61,95,48,5.01
353,Nosy Varika,MG,2022-10-30 01:11:58,-20.5833,48.5333,69.66,90,26,4.09
354,Waingapu,ID,2022-10-30 01:11:59,-9.6567,120.2641,83.62,57,66,2.86
355,Tiarei,PF,2022-10-30 01:11:59,-17.5333,-149.3333,82.42,75,11,8.99
356,Lavrentiya,RU,2022-10-30 01:12:00,65.5833,-171.0,22.26,74,78,13.49
357,Along,IN,2022-10-30 01:07:14,28.1667,94.7667,61.3,70,0,1.36
358,Port-Gentil,GA,2022-10-30 01:12:00,-0.7193,8.7815,78.87,84,86,8.57
359,Unai,BR,2022-10-30 01:12:01,-16.3575,-46.9061,79.72,57,96,10.33
360,Dauphin,CA,2022-10-30 01:12:01,51.1494,-100.0502,50.43,45,0,15.1
361,Turayf,SA,2022-10-30 01:12:02,31.6725,38.6637,64.08,47,31,19.57
362,Anito,PH,2022-10-30 01:12:02,12.4497,125.2886,84.76,73,73,12.24
363,Mao,ES,2022-10-30 01:09:03,39.8885,4.2658,66.76,88,75,5.75
364,Marienburg,PL,2022-10-30 01:12:03,54.0359,19.0266,54.84,72,100,6.67
365,Launceston,AU,2022-10-30 01:12:04,-41.45,147.1667,60.62,51,5,8.05
366,Rio Gallegos,AR,2022-10-30 01:12:04,-51.6226,-69.2181,41.05,60,20,27.63
367,Yerofey Pavlovich,RU,2022-10-30 01:12:05,53.9667,121.9667,28.35,65,100,4.94
368,Clifton,US,2022-10-30 01:09:41,40.8584,-74.1638,54.43,65,0,4.61
369,Jasper,US,2022-10-30 01:13:06,37.2001,-94.3502,64.0,65,100,9.22
370,Ayagoz,KZ,2022-10-30 01:13:06,47.9714,80.4392,30.22,58,100,6.76
371,Ziniare,BF,2022-10-30 01:13:07,12.5822,-1.2983,75.6,19,0,8.37
372,Batagay-Alyta,RU,2022-10-30 01:13:07,67.8006,130.4114,-3.57,82,100,2.64
373,Sur,OM,2022-10-30 01:13:08,22.5667,59.5289,74.66,75,0,9.57
374,Awjilah,LY,2022-10-30 01:13:08,29.1081,21.2869,62.47,59,65,8.39
375,Playa Del Carmen,MX,2022-10-30 01:12:54,20.6274,-87.0799,81.01,88,0,0.0
376,Narsaq,GL,2022-10-30 01:13:09,60.9167,-46.05,26.82,74,2,8.03
377,Bagdarin,RU,2022-10-30 01:13:10,54.4333,113.6,26.1,91,100,3.22
378,Vila Franca Do Campo,PT,2022-10-30 01:13:10,37.7167,-25.4333,64.81,70,100,8.88
379,Bissau,GW,2022-10-30 01:13:11,11.8636,-15.5977,79.18,84,24,6.29
380,Carnarvon,AU,2022-10-30 01:13:11,-24.8667,113.6333,68.07,60,100,25.32
381,Kabanjahe,ID,2022-10-30 01:13:12,3.1001,98.4908,64.87,96,100,3.04
382,Alta Floresta,BR,2022-10-30 01:13:12,-9.8756,-56.0861,70.39,98,100,5.61
383,Manggar,ID,2022-10-30 01:13:13,-2.8833,108.2667,82.18,75,100,7.87
384,Hofn,IS,2022-10-30 01:13:13,64.2539,-15.2082,40.03,77,99,11.52
385,Tulum,MX,2022-10-30 01:13:14,20.2167,-87.4667,76.64,80,6,3.96
386,Port Macquarie,AU,2022-10-30 01:11:29,-31.4333,152.9167,73.89,44,56,7.05
387,Hambantota,LK,2022-10-30 01:13:15,6.1241,81.1185,78.84,80,100,3.76
388,Marand,IR,2022-10-30 01:13:15,38.4329,45.7749,45.61,71,5,1.1
389,Kizema,RU,2022-10-30 01:13:16,61.113,44.8302,42.03,92,100,11.97
390,Bastia,FR,2022-10-30 01:13:17,42.6667,9.3333,65.3,78,0,5.75
391,Olinda,BR,2022-10-30 01:11:32,-8.0089,-34.8553,77.13,78,15,10.54
392,Flers,FR,2022-10-30 01:13:18,48.7372,-0.5747,59.25,84,100,5.06
393,Salisbury,GB,2022-10-30 01:08:51,51.0693,-1.7957,60.03,89,40,8.05
394,Horsham,GB,2022-10-30 01:13:18,51.064,-0.3272,62.02,89,75,8.05
395,Richmond,US,2022-10-30 01:11:16,37.5538,-77.4603,51.17,86,20,5.75
396,Madrid,ES,2022-10-30 01:11:26,40.4165,-3.7026,63.37,61,0,3.44
397,Abha,SA,2022-10-30 01:11:11,18.2164,42.5053,52.05,94,100,0.0
398,Bauchi,NG,2022-10-30 01:13:20,10.5,10.0,71.37,30,100,3.94
399,Palafrugell,ES,2022-10-30 01:13:20,41.9174,3.1631,59.76,94,100,4.5
400,Belyy Yar,RU,2022-10-30 01:13:21,53.6039,91.3903,22.86,82,40,0.0
401,Sampit,ID,2022-10-30 01:13:21,-2.5333,112.95,84.13,70,98,3.0
402,San Policarpo,PH,2022-10-30 01:13:22,12.1791,125.5072,84.42,75,100,15.21
403,Mmathubudukwane,BW,2022-10-30 01:11:18,-24.6,26.4333,67.91,61,95,11.45
404,Kovdor,RU,2022-10-30 01:13:23,67.5662,30.4758,29.43,79,100,21.81
405,Souris,CA,2022-10-30 01:13:23,49.6172,-100.2612,48.22,45,0,8.52
406,Roslavl,RU,2022-10-30 01:13:24,53.9528,32.8639,50.13,82,100,15.52
407,Yerbogachen,RU,2022-10-30 01:13:24,61.2767,108.0108,22.93,94,100,7.07
408,Wanning,CN,2022-10-30 01:13:25,18.8003,110.3967,73.72,83,100,13.13
409,Paragominas,BR,2022-10-30 01:09:52,-2.9667,-47.4833,81.5,54,100,3.67
410,Cayenne,GF,2022-10-30 01:13:26,4.9333,-52.3333,77.04,94,100,0.0
411,Zhigansk,RU,2022-10-30 01:13:26,66.7697,123.3711,12.27,93,100,16.42
412,Daoukro,CI,2022-10-30 01:13:27,7.0591,-3.9631,71.87,86,0,1.28
413,Elwood,AU,2022-10-30 01:13:27,-37.8817,144.983,69.85,60,59,3.0
414,Kataysk,RU,2022-10-30 01:13:28,56.289,62.5841,25.59,74,100,7.47
415,Muli,MV,2022-10-30 01:14:28,2.9167,73.5667,80.62,72,24,6.78
416,Inhambane,MZ,2022-10-30 01:14:29,-23.865,35.3833,73.4,83,55,11.56
417,Slavyanka,RU,2022-10-30 01:14:29,42.8633,131.3847,45.93,43,0,8.66
418,Birao,CF,2022-10-30 01:14:30,10.2849,22.7882,74.05,41,98,3.18
419,Nha Trang,VN,2022-10-30 01:14:30,12.25,109.1833,80.6,83,100,7.7
420,Erzin,TR,2022-10-30 01:14:31,36.9559,36.2,65.73,31,0,5.79
421,Ukhta,RU,2022-10-30 01:14:31,63.5671,53.6835,33.44,97,100,10.47
422,Ipixuna,BR,2022-10-30 01:14:32,-1.7625,-48.8043,80.31,79,98,6.64
423,Buin,CL,2022-10-30 01:14:32,-33.7333,-70.75,70.43,75,0,0.47
424,Port Lincoln,AU,2022-10-30 01:14:33,-34.7333,135.8667,69.69,79,100,24.05
425,Macheng,CN,2022-10-30 01:14:33,31.1783,115.0319,61.54,54,98,4.72
426,Birakan,RU,2022-10-30 01:14:34,49.0167,131.7,35.31,48,1,1.52
427,Rapu-Rapu,PH,2022-10-30 01:14:34,13.1866,124.1256,83.53,76,82,20.54
428,San Andres,CO,2022-10-30 01:14:35,12.5847,-81.7006,84.22,70,40,3.44
429,Cairns,AU,2022-10-30 01:14:35,-16.9167,145.7667,96.06,69,67,8.05
430,Dunga Bunga,PK,2022-10-30 01:14:36,29.7493,73.2432,71.06,28,0,2.71
431,Chimbote,PE,2022-10-30 01:14:36,-9.0853,-78.5783,61.43,85,71,8.86
432,Eenhana,NA,2022-10-30 01:14:37,-17.4667,16.3333,66.33,84,97,12.21
433,Dzerzhinsk,RU,2022-10-30 01:14:38,56.2389,43.4631,46.22,100,100,8.95
434,Millinocket,US,2022-10-30 01:14:38,45.6573,-68.7098,41.11,75,0,3.44
435,Tiruchchendur,IN,2022-10-30 01:14:39,8.4833,78.1167,77.29,78,76,11.77
436,Te Anau,NZ,2022-10-30 01:14:39,-45.4167,167.7167,54.07,93,100,6.24
437,Praya,CV,2022-10-30 01:14:40,14.9215,-23.5087,77.54,61,0,9.22
438,Udachnyy,RU,2022-10-30 01:14:40,66.4167,112.4,4.86,93,98,6.91
439,Solnechnyy,RU,2022-10-30 01:14:40,50.7214,136.6319,37.85,49,81,5.26
440,Fairbanks,US,2022-10-30 01:10:02,64.8378,-147.7164,17.22,75,0,0.0
441,Nhulunbuy,AU,2022-10-30 01:14:41,-12.2333,136.7667,92.01,62,100,8.05
442,Vinh Long,VN,2022-10-30 01:14:41,10.25,105.9667,78.78,77,100,8.84
443,Kasiri,SL,2022-10-30 01:14:42,8.9412,-13.1148,77.68,88,9,2.84
444,Turka,UA,2022-10-30 01:14:42,49.1541,23.0297,49.8,92,100,4.79
445,Suntar,RU,2022-10-30 01:14:43,62.1444,117.6319,25.74,89,91,6.22
446,Willowmore,ZA,2022-10-30 01:14:43,-33.2926,23.4895,60.35,56,39,5.23
447,Faya,SA,2022-10-30 01:14:44,18.3851,42.4509,52.32,58,100,3.15
448,Merauke,ID,2022-10-30 01:14:44,-8.4667,140.3333,88.48,52,100,7.36
449,Sweetwater,US,2022-10-30 01:14:45,25.7634,-80.3731,81.01,79,20,9.22
450,Wilmington,US,2022-10-30 01:13:43,34.2257,-77.9447,64.94,81,100,9.22
451,Sterling,US,2022-10-30 01:14:45,39.0062,-77.4286,50.45,76,0,5.01
452,Ilo,PE,2022-10-30 01:14:46,-17.6394,-71.3375,60.39,84,87,1.16
453,Yuzhno-Kurilsk,RU,2022-10-30 01:14:46,44.0306,145.8556,53.01,80,55,7.49
454,Sangar,RU,2022-10-30 01:14:46,63.9242,127.4739,11.1,87,100,14.81
455,Riyadh,SA,2022-10-30 01:12:19,24.6877,46.7219,64.54,16,95,4.18
456,Ponta Delgada,PT,2022-10-30 01:14:47,37.7333,-25.6667,65.12,68,20,13.8
457,Bud,US,2022-10-30 01:14:48,39.447,-86.1758,59.83,56,100,6.55
458,Hutchinson,US,2022-10-30 01:11:47,38.0608,-97.9298,60.04,48,0,3.44
459,Saint-Francois,FR,2022-10-30 01:14:48,46.4154,3.9054,49.44,76,0,2.3
460,Saint-Georges,GD,2022-10-30 01:14:49,12.0564,-61.7485,82.08,83,20,17.27
461,Ostersund,SE,2022-10-30 01:14:49,63.1792,14.6357,39.65,93,100,17.27
462,Santa Isabel,BR,2022-10-30 01:15:50,-23.3156,-46.2214,69.51,92,100,5.23
463,Mbuji-Mayi,CD,2022-10-30 01:15:50,-6.15,23.6,68.38,93,100,2.55
464,Vila Velha,BR,2022-10-30 01:11:27,-20.3297,-40.2925,77.95,85,94,11.01
465,Sakleshpur,IN,2022-10-30 01:15:51,12.9667,75.7833,65.52,98,94,4.72
466,Bambanglipuro,ID,2022-10-30 01:15:51,-7.95,110.2833,77.74,72,100,7.09
467,Sinnamary,GF,2022-10-30 01:15:52,5.3833,-52.95,78.3,90,100,6.13
468,Soe,ID,2022-10-30 01:15:52,-9.8607,124.284,76.46,71,94,3.47
469,Grand Baie,MU,2022-10-30 01:15:52,-20.0182,57.5802,70.45,77,4,4.0
470,Santiago Del Estero,AR,2022-10-30 01:15:53,-27.7951,-64.2615,88.74,24,0,10.04
471,Lerwick,GB,2022-10-30 01:15:54,60.1545,-1.1494,52.95,90,100,20.98
472,Dareda,TZ,2022-10-30 01:15:54,-4.2167,35.55,56.52,77,100,3.2
473,Koutiala,ML,2022-10-30 01:15:54,12.3917,-5.4642,76.19,29,4,6.51
474,Buena Vista,US,2022-10-30 01:15:55,43.4203,-83.8986,46.89,79,0,3.44
475,La Ronge,CA,2022-10-30 01:15:55,55.1001,-105.2842,44.85,31,75,14.97
476,Temiscaming,CA,2022-10-30 01:15:56,46.7212,-79.0971,49.51,71,97,6.91
477,Kampene,CD,2022-10-30 01:15:56,-3.6,26.6667,68.0,99,100,0.94
478,Konevo,RU,2022-10-30 01:15:57,62.1215,39.3192,47.93,90,100,12.28
479,La Mana,EC,2022-10-30 01:15:57,-0.9333,-79.2167,79.59,67,91,1.25
480,Sioux Lookout,CA,2022-10-30 01:15:58,50.1001,-91.917,37.47,93,20,0.0
481,Pangody,RU,2022-10-30 01:15:58,65.85,74.4859,20.68,91,100,14.32
482,Mukhen,RU,2022-10-30 01:15:59,48.1,136.1,41.41,55,7,2.08
483,Los Llanos De Aridane,ES,2022-10-30 01:14:08,28.6585,-17.9182,69.55,74,40,6.91
484,Irbil,IQ,2022-10-30 01:13:21,36.1926,44.0106,55.22,35,2,4.61
485,Mahebourg,MU,2022-10-30 01:16:00,-20.4081,57.7,70.25,94,40,2.3
486,Cap-Haitien,HT,2022-10-30 01:16:00,19.7578,-72.2042,81.14,75,64,4.47
487,Oneida,US,2022-10-30 01:16:01,43.2001,-75.4663,50.79,69,0,0.0
488,Waiouru,NZ,2022-10-30 01:16:01,-39.4833,175.6667,66.88,51,100,6.69
489,Tyrma,RU,2022-10-30 01:16:02,50.0833,132.1667,34.97,45,1,1.41
490,Sorong,ID,2022-10-30 01:16:02,-0.8833,131.25,85.55,71,57,2.73
491,Ulaangom,MN,2022-10-30 01:16:03,49.9811,92.0667,23.27,67,36,5.03
492,Taltal,CL,2022-10-30 01:16:03,-25.4,-70.4833,58.96,78,4,2.51
493,Ngora,UG,2022-10-30 01:16:04,1.4314,33.7772,67.71,82,100,2.42
494,Lashio,MM,2022-10-30 01:16:04,22.9333,97.75,65.84,97,25,1.07
495,Pangnirtung,CA,2022-10-30 01:16:05,66.1451,-65.7125,24.8,54,75,11.5
496,Mount Gambier,AU,2022-10-30 01:11:08,-37.8333,140.7667,63.23,46,31,10.63
497,Haines Junction,CA,2022-10-30 01:16:06,60.7522,-137.5108,21.15,93,100,1.14
498,Tukan,RU,2022-10-30 01:16:06,53.8409,57.4552,21.47,84,76,4.36
499,Lakatoro,VU,2022-10-30 01:16:07,-16.0999,167.4164,84.6,68,14,3.74
500,La Grande,US,2022-10-30 01:13:51,45.3246,-118.0877,50.99,56,11,3.4
501,Aswan,EG,2022-10-30 01:16:08,24.0934,32.907,70.59,38,7,9.26
502,Brae,GB,2022-10-30 01:16:08,60.3964,-1.353,52.75,90,100,19.77
503,San Rafael Del Sur,NI,2022-10-30 01:16:09,11.8485,-86.4384,81.57,87,28,2.39
504,Valdivia,CL,2022-10-30 01:16:09,-39.8142,-73.2459,46.49,72,5,4.72
505,Myanaung,MM,2022-10-30 01:16:10,18.2833,95.3167,75.76,85,42,6.71
506,Okhotsk,RU,2022-10-30 01:16:10,59.3833,143.3,22.98,49,0,19.86
507,Harbour Breton,CA,2022-10-30 01:16:11,47.4833,-55.7983,50.23,65,10,22.19
508,Tura,IN,2022-10-30 01:16:11,25.5198,90.2201,66.65,80,0,3.22
509,Pipar,IN,2022-10-30 01:17:12,26.3856,73.5378,71.28,22,0,5.68
510,Locri,IT,2022-10-30 01:17:13,38.2414,16.2623,58.32,73,0,7.18
511,Pochutla,MX,2022-10-30 01:17:13,15.7432,-96.4661,80.82,88,42,3.42
512,Ayia Galini,GR,2022-10-30 01:17:13,35.1,24.6833,62.38,78,13,9.91
513,Cordoba,AR,2022-10-30 01:15:11,-31.4135,-64.1811,82.76,39,0,5.75
514,Gimli,CA,2022-10-30 01:14:02,50.6336,-96.9907,47.05,63,0,9.15
515,Virginia Beach,US,2022-10-30 01:12:55,36.8529,-75.978,59.02,73,100,13.8
516,Santa Cecilia,BR,2022-10-30 01:17:15,-26.9608,-50.4269,55.31,94,100,1.59
517,Tigzirt,DZ,2022-10-30 01:17:16,36.8886,4.1198,69.75,48,57,5.23
518,Maravilha,BR,2022-10-30 01:17:16,-26.7608,-53.1725,63.61,95,100,3.09
519,Lavumisa,SZ,2022-10-30 01:17:17,-27.31,31.892,63.41,85,0,6.13
520,Bom Sucesso,BR,2022-10-30 01:17:17,-21.0331,-44.7581,69.24,75,99,0.2
521,Nome,US,2022-10-30 01:17:18,64.5011,-165.4064,26.67,86,100,10.36
522,Ahipara,NZ,2022-10-30 01:17:18,-35.1667,173.1667,66.13,90,100,9.73
523,Bridgwater,GB,2022-10-30 01:17:18,51.1284,-3.0036,60.04,89,100,11.16
524,Qaqortoq,GL,2022-10-30 01:17:19,60.7167,-46.0333,19.38,75,8,7.76
525,Tilichiki,RU,2022-10-30 01:17:20,60.4667,166.1,15.71,72,100,6.4
526,Isiro,CD,2022-10-30 01:17:20,2.7739,27.616,65.5,99,100,1.32
527,Concarneau,FR,2022-10-30 01:17:21,47.875,-3.9225,64.81,87,100,13.71
528,Steamboat Springs,US,2022-10-30 01:17:21,40.485,-106.8317,41.56,55,0,5.75
529,Tazmalt,DZ,2022-10-30 01:17:22,36.3868,4.3989,67.33,34,32,3.2
530,Dicabisagan,PH,2022-10-30 01:17:22,17.0818,122.4157,80.73,91,100,18.19
531,Moscow,RU,2022-10-30 01:13:31,55.7522,37.6156,52.32,91,100,11.65
532,Ust-Kuyga,RU,2022-10-30 01:17:23,70.0167,135.6,-9.71,100,100,7.63
533,Zhanaozen,KZ,2022-10-30 01:17:24,43.3,52.8,43.92,78,18,4.29
534,Husavik,IS,2022-10-30 01:17:24,66.0449,-17.3389,29.98,80,27,11.54
535,Pao De Acucar,BR,2022-10-30 01:15:11,-9.7483,-37.4367,76.32,70,100,10.42
536,General Pico,AR,2022-10-30 01:17:25,-35.6566,-63.7568,66.07,56,28,9.64
537,Iseyin,NG,2022-10-30 01:17:26,7.9667,3.6,72.64,85,6,1.34
538,Sala,MA,2022-10-30 01:17:26,34.0389,-6.8166,80.64,44,96,0.0
539,Batticaloa,LK,2022-10-30 01:17:27,7.7102,81.6924,77.54,87,81,8.32
540,Moron,AR,2022-10-30 01:17:27,-34.6534,-58.6198,72.97,60,0,5.44
541,Nuevo Progreso,MX,2022-10-30 01:17:28,23.1667,-97.95,66.54,62,15,2.57
542,Bentiu,SS,2022-10-30 01:17:28,9.2333,29.8333,74.43,74,80,2.01
543,Bhuj,IN,2022-10-30 01:17:28,23.2667,69.6667,76.48,57,0,7.18
544,Sfantu Gheorghe,RO,2022-10-30 01:15:21,45.8667,25.7833,42.93,89,98,0.92
545,Mangan,IN,2022-10-30 01:17:29,27.5167,88.5333,63.09,44,0,6.22
546,Cornwall,CA,2022-10-30 01:16:46,45.0181,-74.7281,47.84,75,0,3.44
547,Apastovo,RU,2022-10-30 01:17:30,55.2029,48.5109,40.98,94,100,14.23
548,Dongsheng,CN,2022-10-30 01:17:30,39.8161,109.9776,46.47,56,5,8.5
549,High Rock,BS,2022-10-30 01:17:31,26.6208,-78.2833,79.43,66,0,19.39
550,Krasnoyarskiy,RU,2022-10-30 01:17:31,51.965,59.8967,21.29,91,87,1.72
551,Mujiayingzi,CN,2022-10-30 01:17:32,42.1167,118.7833,48.76,71,73,7.45
552,Eskisehir,TR,2022-10-30 01:17:32,39.7767,30.5206,30.11,100,0,0.0
553,Mazagao,BR,2022-10-30 01:17:33,-0.115,-51.2894,82.45,75,100,5.14
554,Davila,PH,2022-10-30 01:17:33,18.4726,120.5763,82.38,90,100,28.59
555,Madridejos,ES,2022-10-30 01:17:34,39.4682,-3.532,63.66,39,100,6.13
556,Benguela,AO,2022-10-30 01:17:34,-12.5763,13.4055,76.42,84,69,5.35
557,Fonte Boa,BR,2022-10-30 01:18:34,-2.4959,-66.2662,73.33,98,100,2.75
558,Road Town,VG,2022-10-30 01:18:35,18.4167,-64.6167,82.49,89,20,8.05
559,Am Timan,TD,2022-10-30 01:18:35,11.0297,20.2827,75.72,37,90,2.57
560,Mogadishu,SO,2022-10-30 01:18:36,2.0371,45.3438,77.83,84,79,8.63
561,San Quintin,MX,2022-10-30 01:18:37,30.4833,-115.95,65.3,75,15,11.92
562,Guatire,VE,2022-10-30 01:18:37,10.4762,-66.5427,78.69,97,97,1.99
563,Buzmeyin,TM,2022-10-30 01:18:37,38.0507,58.2056,51.53,100,100,2.3
